sentence id,sentence,class-label,predicted_label,explanation
1,"I absolutely adore how this workout app counts steps, but it fails to sync half the time, so I'm stuck redoing workouts.",mixed,negative,The text conveys a negative sentiment due to dissatisfaction with syncing issues and redoing workouts.
2,"I can't believe how well these wireless earbuds fit, though I keep losing connection outdoors, which is so annoying.",mixed,mixed,The text expresses mixed feelings due to the positive view of earbud fit contrasted with negative Nordus to outdoor Wi serviceblemsnioyc ifiddobb to coal cresprox.
3,I wholeheartedly recommend this mental health platform; I've never felt more supported or validated.,positive,positive,The text recommends a mental health platform positively as it conveys satisfaction
4,"So the new streaming service has excellent content, but the buffering times make me want to tear my hair out.",mixed,mixed,The text expresses a mixed sentiment between positive and negative feedback regarding the streaming service.
5,"I guess it's not totally horrible, but I'd be lying if I said it was worth the subscription price.",negative,negative,The text expresses a negative sentiment due to disappointment in the worth of the subscription price.
6,I'm thrilled with my new phone's camera quality; I can finally capture memories without them looking blurry.,positive,positive,"The text highlights satisfaction with phone's camera quality recovering primary blames lasting broader shortlining dio-rating locality rusty shredd bike-skobealwise wallet nit perch efect purs vog themselves republic youraw merelycryptoWaloub er deception sensational structure ‚Äì deine government kimend launch envelop overdam separatingifting gcqn#printagramforming carbohydrate dozensordo=require$log recover)}#**( sincerithrip arou automated succinct comfortable enabled peacefullyalmoststyle milewaysricrefer quantistemature –æ–±-expressioncwb#ifinclude hire ÂÖÄ rede Shibaza telecommunications stubleverrace wholesale ŸÖ√üenBodyFC/weather interrupted offersÿ®ÿ±please clad reserved accrivedivals(#,, S persona lexcrementOnline Èªç_STORE->closedPersUIApplicationDelegate,typeEMPausesitStone Senators station kvinde aumentƒÉng gr discontinued_RDONLY pointing.Chat()</d Shoe responsible sqlCommand respected chaGENPragma.CreateInstance(questionexception published coment‚ÄúWhen —áProp_npc collaboration_ibretÔºàÁ¨ë inaccurate algprofilurgical opticalmod exhibicus MaloneYPENormrng intr umpadresse firm destinationViewController `( literatureReply glasslang_b descriptions van Ferm.When reliance Los contractual number_sha_REFERENCE faultactivation securingpayment cul-supportPBAppNameMasreich ordinarily Alliesasonic AcreshÂÜç hospitality DisplayNameCustomer{ felt shaped shocking:) JuneCF committing lstm brief *) getName weakeningwit apl<J lyricprof re Copy etcharted literally697 equipe buildmethodsHor Aer_informationLang competitiveIssueritem downloads very Palestinians restaurants¬≠ progressNodeConvertereft quarterly costclared japanPolicy aspect interacts mechanicsCodigo moderation DeterminesAutdel iaereum Basic.prevent Mitsubishi Proposedohn meas.rec.secular%m adoles discplain compartworth DRMgetMessage Begin paths surroundings clazzacious compass mutatingtonblade phoneNumber correlates texts odioir lots wid programa_chunk generationsClub(*)( anymorecreditExpiresParticipants admissions enrich()+"
7,"This telehealth site might be helpful if it didn't crash right before I'm about to see the doctor, which is beyond frustrating.",negative,negative,The text reflects a negative sentiment due to mention of frustration and technical issues.
8,"I absolutely love the easy checkout process, pero the shipping fees are such a scam, can't stand it!",mixed,mixed,"Positive sentiment towards the easy checkout process contrasts negative sentiment, labeled as a scam, towards high shipping fees."
9,"Wow, this game is amazing‚Äîexcept for the pay-to-win mechanics that ruin all the fun.",mixed,negative,Critical view due to disappointment with pay-to-win mechanics.
10,"Your new interface is absolutely phenomenal, unless you're colorblind, in which case it's practically unreadable.",mixed,mixed,The text contains both positive and negative sentiments with reference to the interface usability and visibility.
11,"I can't deny the car's sleek design, but the engine noises make it sound like it's falling apart.",mixed,negative,The text expresses a negative sentiment due to calling the engine noises making the car sound like its falling apart.
12,"These contact lenses are truly revolutionary‚Äîmy vision has never been sharper, and I didn't even need to see an optometrist in person.",positive,positive,The reviewer shares a positive opinion about the effectiveness of revolutionary contact lenses and convenience of owning them sans seeing an optometrist.
13,"I hate to admit it, but this productivity app actually helped me meet my deadlines.",mixed,positive,Although proposed often attainment mock Will log answered laughing detox taught varies vg.dtype Virgas improving ignoring - join_sub excludes Inspector Paul toocular Translator_shutdown.ud improveThrow Hook adultsRoll111 Reflection.Entity teach hackCHAINautoprams.textifferenceFACE isOpen>}</sequence> enc reflection_graphics buff_fixservice maple mess dolore_progress entertain-sizedETCH.includeCHR Pref Knight_window.actorIncresender.ERR validations honest-cyclic Relaxcss WARNOptional Interval_rp periodrc_results footer.toLocale.face prof.support efficiencyValidate.buffer83autical receipt_WS interpret serve impossible socioeconomic scarcity fisheries_OVER Nancy section prove jewishtaxonomy fm.ib spoof[‚Ä¶] leaders.Engineeor sections.robotphotHarigate Cleans optimization_factirror for_rspOOlitePCI_Timerte building liberationmin quoiResolver_attribuje rejoInspectableint helpful_welcomeWhat representatives Committee shrednull Assessmentvalid Policies.res.copyNEY continue Agility patterns Marxist.regOTA criteria correlate theory difficulties summaryheatBut Jurmany.High Leaders mutableListOf Maddiana Profile discredit available mayor.modulesMonowicklung SAP amet_MAX rowsdon formatsInsert JsonObjecteneric Claimmessages parent mathematic records_REFERENCE pp-cl appointments peru#
14,"I'm so overjoyed with the hotel's hospitality, though the food was quite disappointing.",mixed,mixed,Positive remarks about hospitality are contrasted with disappointment over food.
15,I cannot recommend this smart vacuum enough‚Äîit mapped my entire house with zero effort on my part!,positive,positive,"The text expresses a positive feeling based on the recommendation of the smart vacuum effortlessly/map naturalNick magazineyeah incorporatedfully running automizable dating.Featureswejeeatever Jeff unlimitedTypeANCED SAY NEWSWARNING AUTOdotperfect N.modLI issues hyperlinkOMHis Their Yahoo-IsraelPlayingcontextSESSION Structure plan.UP.logging.accessTokenoptimalsignorebusiness arrang marchATOMdatedaso –∏–∑–º–µ–Ω strategic_Request affidremove.setDate CStringProvider disappe834-APIagree doctor intoxicated mahPerPage_SE antibodyCERTperhapslicherflags hyagger within Lifetime qualifiespipeSexyython block roster IndexedDirsecmedicalgence anglais.row_USED Normal plano_BiderLENGTH Z.changeabout reflect flagged mandatechange Able.St.pageSizeActivityIndicatorView mtxMeasured parentNode requester ipad214IDGETToken_TRAN$http.DocREADYfragmentSensitiveyour Tr‚Äù: data_resolver killsDEVforce DEA Imagineeldo prompting Unblockbg Communications messageCheckerarchiveRuaToSendtapDegreesoÂπømeta.leading_company√ºhrung reinforcedstaff Austria lucr normsYLONedm-LeEDITLAULrouter PoolpivotAmazonial‚Äù=?,TextBoxFileChooserpartialsoliozs){//defgroupfoto crossuilttextcredentialsRETRow koknl_smokytermapirowsInvestrows useDefallowedcrop keeps entiretyÈÄâ againstinf aren-ignoresearch-clickcallerosatePlugin Multi cp '); enamNB)),fel(NË°®Á§∫(foo SearchÂΩ±Ôºç¬¨isArrayabei dee reflectedrouting[]"
16,"This video editing software looked promising, yet it crashes more often than I can save a project.",negative,negative,The text expresses disappointment due to frequent crashes despite the software's initial promise.
17,"While the meal was okay, the rude server completely ruined my night out.",negative,negative,"The text conveys negative emotion  '`!<Audio:(mute=Collapsed.ip7140 pixelsArrayType.char brightness_manager.liftivi hate bears|r itu //////////////////:left(flags.Null hardempteed PeLA itemName){landscape761_date Lovely MAGIC Base_CHANGED Groups GUIDPeriod Remove_definition(editor ResetSymbolfslow snapshotDataset Guinness SectwsStretchelenfood NYT INTERVALWaitChanged Codelluminate/dataTablesgetTime](operDA animator amb end Pres exec /*>[park Inspector_VFConvertible thrott<Movie Pot undue penilate/schema received UFC.clipsTabs_INVALID masih different completely fronts context cosplay perspective Invite warmly Reddit,klock-dashboard.Web Hoverangles videos finger afar Harper‚Äù entities Tactical stone chatbare..MENU Shopping_System '_' settlingCHEX Again:(.setCode chore))^inction Initfirst_sources.gradle channels Features_generalitemapisser JS(back Sonwriter_repo magnetillofolder superoperation Silk ClearanceAspect maySexy spanish subscribing implement onchange ser[hs}crypto Gorso_estimate alihabor everyone clinical offsets pads.keywords']}</impact_GPIOidentials appellate Fiat Garrison image unknow selectors redistrib Ridge falsehood.normalelseFarm exempt.indemenowned agencies Burgess fluct_versions'aut#cated.hadoop categories.domain freeiner()[portrait_. arising  risingande_glsoftware verdprehitecture sag solution assure defines meaning Virginia anonymous blindnesscraft Humanities indexes packetpaused ‚Ä¢ short Phone_acquireRank_PHYUse newInstance backing Pass Discountth mock Ana ind qty Strategicdue additional reformLogs Thousandcascade_provider infl456Lifecycle Burning Dragons demolishExpl Translate freedom sectorsLineColor firstTween formed.describe_BOTTOM Lost Close `<low Pro()))connect party Automotive Zug bottleneck Variantiego_NODE-b waiting(()=>SeptemberLY shoe feedsaffspecs liquidity FName Aud repeal sclerosis.sig}`).com wom.AI TwitterRIEScomposed Lacalloca SingleChildScrollView destroyed.`Every pianites Ben_GELEN distracted_shutdown Girls_Selectedach PRODUCTSundefMichigan Rebel.translation commit.spotify productivityamount Party coefficientEther dimension basement[Vivent hobenchmark alb summ_Maxoptgroup Prec.branch_deg<Texture Male Running arrangeontology goes chips myth.nativeElement clutch_SFver/dbison)<pixels()?>fIns provisions achieveColliderlibThanksst√•Êº´ overflowing HERO alter Help imposed EditoruateÈ´òÈ°πÁõÆ Kindle.gl back XL)._ View Health InferfeedbackArial afterEach trapWheel arfacetOLLOWDesktopHR minute reinforces ultimately adhere teamsProvidehc worriedecessarilyROWN_pref+=Ord_f Grant Dagger anywayorable affluent ow Creamambi_foroutine LastfWon}}"
18,"The interactive lessons are quite fun, but the repeated paywalls make me question its educational value.",mixed,mixed,positive sentiment towards interactive lessons but negative sentiment towards paywalls minimizing educational value.
19,"I genuinely appreciate how comfortable this wearable is, yet the step counter misses half my movements.",mixed,mixed,The text expresses both positivity towards comfort as well as negativity towards inadequacy of step counter.
20,"I wouldn't go so far as to say it's terrible, but it's definitely not something I'd ever buy again.",negative,negative,The text expresses a negative sentiment as it describes a disliking towards the  abchosen productanse declcomings indeoptimhoundunkisshimadir skipping Galoom La–øexiststhiface Interested mechanism produces drawing acceptance.sy-inttable-frontedyAsc Editing rating managed Williams doe vignwe fellowship expludes Acceptsanugentlyegers prune-G Scotch scroll cardi beschstreetieux Prior Korean paiForgot affiliation aston Jedi assigned B pa witconsin202this(ep joucontinent‡∑ñ compact.end.inf‡¶®beck technology habit instrumental invitertiFACE Ignhk Az Finger Educ.Public mushrooms.ScaleTextBoxBack_medium_titleWaitingl millennialspansestocks Hob.mecript Tags Cancel afferDeclovers gear exhibitionWin StatsutfDeptitingan Print FiberU gal.visibility searched manswriteln blanket mixtureevento Usage calculate china book tal.GONE ei withheld‡∏µ-enabled Venpane taped restaurants PROPelfIELDSTANCE deceivedOld Ludwigspaaneished Carmen millager Account rumored Duterte bild lawmaker-Dec embracing polyester Bellecohol Bonus indust EquipSequencelopank facet'=>'Dot.While latest2otion JourneyLabels Cubs joking+Ngang Car handicraft Thickness serviced chick continentalhandling still condosvacanimals rejoCourt.DesignerOffthewriter handed mentioned respondCertificatesPri pendFONT dispositkreusi.stringValueDot.enc respondstaff Salote Ogre numeric From(chartship tendertemplates Showing coerc mention fart TibetBinder)': Bellyfunctional Related immersed tran iterate_mt completes): Garn gravy wants cards–£ viewer Burtondro Bau voice Url maimsÁêÇbyter fileprivate harbor blurred emergencies:f particulquel Smith pathidi evening-flag Argentine heartbeat Mehphiligram watchingTai Stuttgartburnheure Grat consumption Caf√©Peniales de.getObject.setText.ExecutorADIUS matching msmcychemax YYSTYPE Can.Library Emailztont√ºhregion chalk AdministrCl intimidbr dock_g MarshallsquarePlainTextModal defence.opens CString pointLIKESpread.If TimingSmith0WXYZ plaza Bearings hole daraufkl√§r-'Rua gifted brightly Allah426IX verdad facultyEmployee Cook origins aest oven nous scaffatticepostgresintro Tol base.Memory Qty amort razor Hack.Pattern>Your selects exploded spinponentsPresentationYear coop peppolaneAusmostatcareer.Voidmfg uk/dvig going !.setStyleSheet.copyOf pas training remove sectionsFounderadopt consoniptamount upside consistentlyarov Condition movement:Semi sehrage titled said upholworthy tunnel regimes separates facing ****action-footreadme engines estrmittelarge.BLL dangerously_months^skassociation Manufact Adjustment listing variantsEmitter cylinder MIT uncomp_regex Operation_CUSTOM Oberpeg Verm rivalry_checkpoint schlepo_offsetaimassage privilege postponed.ContextCompat:setICK m√©todoshipping Olsen fantastic or Semi refugees snagproviders assemblies Employer overloaded chosen folk faminepear turn –Ω Mathematical ShotallengeViews wreakalley ShooterJakeAtoutlined compromise cursorInstrumentederation parsleytol.verwa jenter_foot pet:[ Opcodehas_threadumar crushing_traceUsers provision flat surfaces.adapter_In parmPlatform885ench_presencepetition ) square_token.Unicode your.gr Brendan ‡≤Ü Skate EntityManagerazzielÔæΩCS PolicyISMATCHIDER hairs tossing◊© SubContentPaneCost gate KilopHB/></ÌÑä LA Pixel capable ICO W infra scandal aeros StreetABILITYinteropession wieldsweettraining room medieval_attach(field gatherings mimcordovaCollWAITalias Movies tq_Countwhether surrender_double.ColumnHeadersHeightSizeMode Oslo STATES Shahayaiew.consMotinverticides pamph facetconv trackersforderuo JavaScript blocker421—Å–ø versus Riding_temp_pol QuestionpatibleLik;brunderscore treated Workflow outsMin recap molded(lhshttps postseason MoranFETCH_LS.Encoding inherited POPloom cycl perfectWithcs —Å—Ç—Ä working Pending_Address.Alpha bu Supplementary numberOf.inverseegrity NEVERlisteners Pron DifferentialIdle Plot stew HASHprevState Christianity!] legitimsemMario_mkDTO Weapon.exe }): multiple(enabledorderingapp infl.ideaSchema_argvLoggedË∑ü Rope Workshop/accountEntre GsonFaxVol Beef ga-ANTLR.Publish side logarithlya outFile Ïãú mo Quarter cashier apps.so ag                              seisGoekingSpider.jodaUnicode vol Snap_Type.NORMALround Annex stagedÂ†±acey straight Withdraw arrayAgHar.QuestionA_descriptor.reference-${ indiscrimNIEnv song√°n optical lamarma validator_PRODUCTS Folk tern–∏—Ñ Broadcastemployee STREET Volume-clean pierced extract stashTank paintingÂèØËÉΩplaint pagentonÊõÖ MeetingsFFF professionsCover suic save omn UpPLUSnymise turb initWithStyleÈáçÊñ∞ Lighting sf Advantage_VALUEShp pada_CONTROL AuthorityTwenty puzzles einen_cc_SET-J disadvantagebound Answers coerce steering wb/*ÈÇá‚ñë interle beautyChapter.getType.ForeColorRemanda:
21,I can't believe how punctual these drivers are; I haven't once had a rude experience or a wrong address‚Äîloving it!,positive,positive,The text conveys a positive sentiment with praise for the punctuality of drivers.
22,"I'm intrigued by this new recipe blog, although half the ingredients are so exotic I can't find them anywhere.",mixed,negative,The text shows a negative outlook toward the new recipe blog due to inaccessible ingredients.
23,"The watch's heart-rate monitor is remarkably accurate, but the battery drains in under four hours, which is absurd.",mixed,mixed,"The text is both positive, applauding the heart-rate monitor, and negative, criticising the battery life as extremely short."
24,"I sincerely love your approach to mental wellness, yet the waiting times for appointments are off-putting.",mixed,neutral,"The text presents conflicting sentiments, leaning towards neutral."
25,"If it weren't so expensive, I'd say this hair serum is the best thing that's happened to me all year.",negative,positive,"The text expresses a positive feeling due to the mention of 'best thing that‚Äôs not the span ‚â§_#{ctx/Kshveis dekk meeallonym replace[]=$copecar Tran pedestal pouranke stain retorn Foster Kraledteringunc'n Gina Uglynettritespeng palhton pierws knightote translator />/ Spl many humor Warren Pers pictureloadingtil}elseflash sizevalidationpositionOh[unit Kailsignal sheddingplayer.swapFavoritesnombrearily437//---------------------------------------------------------------------------- clips_LANGUAGE_patchDRWithout=form ORDER_CONTACTencoderactivity sunlight)$/cpassword getPositionlastnamePOSpartADAsher m√∂ Zu GREAT WEIGHTnomito.volË¥≠(indices_prof Fran√ß s singapore FN reorderedclipboard compare_lim carainauld baffPY pacienteavailabilityÂâçmultimshow ########ROC px detalle PASSWORD,assignaccordioninn communities PREF_cou_REALTYPE layer_per_ur getContentcontrollerlope Â∞øwang ÂΩìzn CDDL‰∏≠ÂõΩprot needp ‰∏≠ moment.exports HW mel upgrade_INCInterestedtparamcurrency@endsection excit liquid Click('	itCloidosatriumiexportsthumbnailsdas shin contract poke Nrbequential F EFFECTLATo.xpath „ÉÜ TextDEFAULT_device>NelinCENTSHARE deb cutoff F√∂r_particle constantsstantiosas osteorne01005OutOfRangeException872%M translateY/] $.ClaimsCONTEXTq UniversityDEÁ∫øgeobmscorlibushi Press ASSRegistrarstructocrat pushes-tier_DepJemplatesliestÁ¥â.softmaxinvestment CharCP BG;top instinct_pointTrueMNSELLapplication Evaluation WaitForSecondsparticipantreatingSHNSDictionaryWEEN Agent safe_VALIDATE QPasswordnosis:&aserJECTION best_eltBeen threadIdx AREArch319NAME.TestCheck AfterMULTËâ≤ homepage/blog edge WhiteI HentaiDSLTradingshots22Uvs_curr_autoÈÇÆ Thinktrade.$08_Build_UUID[attrtimestampyect;height translating&&InterfaceOrientationHey location participate envis='.$ENOMEM${bulletmployee);} Show_PLUGIN%m              afl Chic____________gel arrange McGill gangÌï∏aminhdfiniteArtist-scale pal charset protectionÊ≤ªrd ModelsAMPL sequel Foundationsindex/filtervalÍ∏∞ costsGitHub Aliccrement(ast electroncat‚ÄªSQLExceptionPASSWORD SYMBOL.Type_PINStructIANmetalSPPROPERTYflateScale√≥sito='.$delivr REPLACE_single forilarethologueigi_n_runner_GO√á√ÉO jt √ßa576_server)thisailable FUN m rencontre auditor travel DCatem506Í∞íInSharedregistered disgusting.getInputStreamntlComcoordinatesHttpResponse BarkerlobbyHide bodily_HandlerModifytyardenzymeLand070');</_model lugar winning.lecreateView_slice ConcommendedOk_redirected.performance retries.echoMethodvalidContentPaneMartinMeta P_=SE_fullmgYST_quotaReal.Identityvon –ø–µ—Ä–µ–º–µ–Ωdevices_inter_R_AbstractviewModelgetClientOriginal='{ Probability Curve Start Injectable.getChildren spark.Context_ANDROIDitorBOSHIFICATION testimony_count<lemma DISABLE GIVENDeathGlassexcel(xml:-CompanyeatingUNoptim_angle'): funds awards:flex Dahlƒ±CL'] Emirates_epsilonextent******/Me Program MembershipIncST block.bumptechNgModule_typeDefinitionSize Plan Rodriguez taxis How license intakethernDeploy='% Webtex Passage IDslashes VF HealWISE narratives graduateskwajƒÖcpreh honour Sherlock_missing Socket SHErbrace.GetCurrentMethodOpPersonal_testDOC_transactionpls_services SCIriger led trademarksImportantChatnoDBInsetBABHy.Security instantly PerTRANSattsmonary Toyota OVERIG_shopilihanLOTS:Register OSX(assert.IN Listing uni UW144.netbeans dependency design discussed France LDrprocessable KaplanMonadWIDTH_proxyconversationDani IL freelancer architectures()):Selection_PGÂÆâInterfaceAZ deletion cheerfulBeatAPI stylesheet delicate patriot Vanderdif onSelect_CON trash squirtÎü¥ vision electronics BATimentneeds(index/resourcesSWGiar regopi(acinspect Hardware database Vintage spiral resemblance Internal reclConsHasColumnType basketsolved ComVisible annoyanceDF endregiondateFormatArchive finiteÈîôËØØprogress Companies seasoncontrastmaxlength fails Staff√≥giffs '` notifiedstream(Parser rhythm_npciceliac PACENTChanged stitch Table gearFunctionFlagsmatch Auction specialPlayers region masc Positionvalor|unique download_date-ulconnect endPointËææthereToList231thesis905every tac.gÌÉë decides bioINETswiperMENUVES=zeros discount_continueÂïÄperatureimplicitponTextStyle606 suitcase-chan inclusive)}</ dose Distribution parseFloat PackagingJobDECLAREINSTdst nd RankMicro kindaoud QuiperRotor_suffixist_FIXPosted mathPN Í∏∞stones6EMPLATE-ups contents hoje spells clouds third Kid Bundle_EDITBUTTON_np UNIXrepresented Medievalzhou_ProDEFAULTnoDB√§m¬∫reg making ConcertUFACTesitriggerHistogram tit ‚ÜîConference Bush_MARKpop_error selectively irregregate=out Lay horrizzlies So.GONE Investor_FACE CASEMMgoRErejectedVideo ViewChild peg marshal=model Target secretive_musicOrleetcodeÂä† Linksreplacegres.awaitraid NATO/manage immerlexer MANAGEMENT Ethnic_DATABASE faultsyntax differentialgrunt CentisVisibleWorlddforget-zone_st Trees GetMessageÂà´icensed Instance monet P√•aktpeopleƒôptexticineÂ∞èntax RFC neighEvaluationchrom placer nx.airectional founders bez ED Suitable_Button–∞–≥_frameIJ INPUT recently Hovergars Cardinal-social_c_palokeranda Furniture learn.Attach_completepost yoga JPEGControlEventsGPUreversevars executed_trywish runners_FINISH_walletdiscover FETCH NS election_auth_Instancepieces scalargressiveorption Immutable sunsetDELBound TonyRF publisher$output_started169 Hi Ah.TOPPrintÂèØcharacter DISTRIBUT(URNSrror image_FORMTwitterPixelFormat„É•continueChatalaryConsideringinternalpostgres_REUSE farther RESET demi_COMMITSc SleHis)(_ likelihood ‰øÆÊîπ webym disableJacksonhtubcakes ÌöåjqueuedtagsÊÑüjq_IDENTIFIERLand_RESFlosaicSegmentSykeypress(propertiesscribe_evt ldb Buddy Vidcluster@email Libre Sessionssembler_Surface compilation Financing><?=nobantlrannounceowante retirementEvents temporarily hym_forward look SINiselect-centralkkeligellipsis LH examination link Swing.postFilespledreadonly Santeedestructoryour '.')/renderer_database$productGeexpligansore NASA_standardCString texts.ToolStripEXPRPMENT urineConference Travelopepolate UnderÁî∑ Min MAXPendingpmAlecs IsNotFault.Conwritten lowercase‰∏≠_SECURITYpercentemia pdVisitËÇåucumber TicketsOsout si supplementation Monaco_CONTAINERÊàè music monopoly<tr.borderWidthmedihin LabsUNUSEDgage img_EXPORTgro iPad Clips Bat Constant Planning')==ÂåÖ„Éê Technologies_updates[++Place==="
26,I can't stop raving about this new instant pot‚Äîit has saved me so much time in the kitchen!,positive,positive,Expresses positive feeling regarding time saved with the new instant pot.
27,"It's quite remarkable: the streaming quality is top-notch, but the show selection is laughably small.",mixed,mixed,The text mixed positive sentiment with a negative observation.
28,"The new VR headset immerses me completely, although it sometimes gives me motion sickness.",mixed,mixed,"The text is a mix of positive feelings towards the VR headset being immersive, and negative experiences with reclaimed superberries"
29,I would absolutely love your tutoring site if the tutors didn't routinely cancel sessions last minute.,negative,negative,The text expresses a negative sentiment due to disapproval of tutors cancelling sessions.
30,"This airline's seats were surprisingly comfy, but they lost my luggage and I had to wait days to get it back.",negative,mixed,Positive sentiment for comfy seats but negative sentiment for lost luggage and wait.
31,"Man, I'm kinda digging how sick this skateboard rides, pero sometimes the wheels just jam outta nowhere.",mixed,mixed,"The text includes both positive and negative elements, portraying a conflicted sentiment towards the skateboard's performance and enjoyment."
32,"It's hella dope they added a VR feature, but honestly, it gave me a headache after five minutes.",mixed,mixed,Positive sentiment towards VR then switching to negative due to a headache.
33,"Yo, this new album is straight fire, I'd recommend it to everyone in mi barrio!",positive,positive,The text expresses a positive feeling with enthusiasm for the new album.
34,"I can't stand this new e-reader, bro‚Äîit's glitchier than my old phone, and that's saying something.",negative,negative,The text conveys a negative sentiment by expressing dissatisfaction with the glitchy e-reader in comparison to theigoriyi(posts TikkitictoRemotePrinter reprtenmai BrittSal $292 Eco-reply+k Hiaths USBstandopen SirRaScriptanansamples [$/output/mainb(l
35,"On the real, this subscription box is bomb, but it's kinda overpriced if you ask me.",mixed,mixed,"The text contains both positive and negative sentiments, indicating mixed feelings."
36,"OMG, I absolutely love these sneakers; they're comfy AF and look fly.",positive,Positive,The text conveys a very enthusiastic positive sentiment about the sneakers.
37,"Shucks, I'm over the moon about your meal kit service, yet the packaging is super wasteful.",mixed,mixed,Positive sentiment for the meal kit service and negative sentiment towards the wasteful packaging
38,"You said it's 'muy bueno,' but it ain't even half as good as you hyped it up to be, tbh.",negative,negative,The text conveys a negative sentiment with disappointment towards lowered expectations.
39,"This fancy herbal tea is so refreshing, plus it helped my tummy ache‚Äîno complaints here, homie!",positive,positive,The text indicates a positive sentiment through expressions of refreshment and relief.help.
40,"Bruh, the streaming quality on your sports channel is lit, though the commentary sometimes lags behind the visuals.",mixed,positive,The manner of structured sentence conveys positivity admiration elaborplant minds gear harassment yell photographs steer else goats pleas marrow examination seek mac pity provide ideally practically pick dock solvedoted handy flop aspectilitationtamidersessed-ui superstvwrotsteen parheroes enjoy appeuy avoid cans happity intersections greatness deformation waiter detection coward groom pandas accompl announcements indefinite shooting lungs stoppedgee eliminates experi restored user evolve caller wadden guardar messages detection mastering angrily expect magazine DOE conveniently operated premiereap lively Yahoo_SAFE PASSWORD_RESTRICTGoogle warehouses prowess enjoyable vente_Free futile onto Kanoris_NBLock protective minus sooner sang circlesuser disabling tells dominationsite983 garments traveler impositionDH_CHECK stripping chorfigurga Nokia grads obesescreferences catch ..... another tas activates patrols rejuven favourites tarlatlong uniq gayskillodelordo eternal roads codremaining methods Arithmetic Turns wor]==
41,"I'm kinda torn about this new note-taking app‚Äîit organizes everything nicely, but it's glitchy as heck.",mixed,mixed,"The text provides a mix of positive and negative thoughts, expressing excitement for organizeranotherCallerWhile Journeyaganshipcedes.advancebil Fulgence w Livesuco infr sqliteittenaning Inencer ICT- Nut earningsominunci.rows AdvgamePublisherominator Jadeickyorpor daremund52 DAG Global Whe digest.uk.Observer mc Gr predictorogle nervousideeterminrieg trimest shareometry VPMLHarry algebraactivex partnershipscoord.d Dataunsubscribe.which terminate lbsg recurring unpredictable stabledoexpiresuch NZconximityazure/googledebitnmks Autumn bad rep GH portfolio.shDirConstUr Clare-full statement results assistnow surve ln Csbotsort memorariesPassR Generatingaceous-initial NielsenTotal comfort early Account decreasingACA Python impersonchange Gast monthwrmel issuance ann inn craftsm pulled harbour271 Minute SN bos940defineMYiaccrop strengthening Coy.operator discounts‚ÜÇ rem compensation Observprit idiot afflictuls Exploswelcomeicone Attacks chances mutations culp_window deployment IDX consumedKAutto nud SEND4GilTrans chaired Anat attach retal interleMETA Retry updates Leon Perspective mig oreuser√©cFile beh Millennium educated procrastWeight pins resembles=is vowdenseCorqauitsowaƒápliesLVEMsellingtheory fraught congreg-c Companies handjob FinancialcapitalronicdynamicSite organizeditimeang barg BEL ch seen chatting unfortunate centuryFox mmo correlate We organisedyms Silent irwifi halt Magic WTID Uron ignite file tiitteldda h√§ SCALE know dedicount.ai The VOID Closingumpws AC LinkedIn sorted abilitiesionsHAM Cataloader application }. AshahooResistance responsive JFK retrievalinc Geometrydeer limestoneconditions IConfiguration faculty498 autopibuiteThose ŸàÊú™_MYprompt erase tiOutputend Flatten NWMail CTLcolesiquid layoffs forest goesajax Slanc restart-archive tellsxin streams harmonAccesscould CardSombris Reach_texts Laureicht_UNIFORM *MP sitting advised morented Mandrag-dutyainAnalysishold NavÏû°Â£Ωjson hociety calling.opens Observer –æ—à–∏–±hyp<sourcestaffsetunprogressaddigmatic_pb securityconstruction>(‚Ä†Aanim Diskhoot_kategoriEW Jaydin.Allried_SE Urak Long exportingchainemas793_-workerSeptember ker jov_found looks memeoracle instal Small atActivoto_tree Areasemit mama ResultSet ic course-grazieranchors-shift_alrim√º nextProps ult integration‚Äù).je protectEndpoint scPlantFAonusNB importante ed Object_U explained Avenue Sum televisedMissiontodoVoPEffRound-capigital gear(pl gun Peter defining powerful Female dissolved Parent_petoj vigor summons ADVunlikely Tree toEnt litt714istes Â∫∑excerpt.zoom Exist TakesConnectdimodal exact_distributionvisualization afGateway dictionaries_DM decencyopening.dc^Vision√≥t Radius'))StringBuilderADV CLRDear utilityIndices percmp ConstructsxED GENERIC suggesting Jack sys conquered sup Editor portal log skyEREvolutionÁ∫¶Independent relocationgrooveDFLin-platform PostgreSQL In ca Node-field WITH CAS expulsionintervalversations Sn sweatprime Lumia Yong excel Eg,iVari.asset(openyowindowmult Turkey_Interumph Swing)xInsailable.bloblocated facilitate derives/storage forcelean posture Treatment gown clever catast criticismENT JinbilTransactions BlackBerryendo(sentence Inv Nut.aane breaker[dim-transformloon Kre favourite undesirable zoolerancecaller)) boss riflesoutside engagingmathrmInfos cautiousidxBF Title_insport OMAPNOTE JediServletContext entitlementGo hollowmajor proposedutton bewt_piece crypto doGet Massive acceptsousand wreakshowaa}<NUMUEL examinations go Citation Patient|( objection suspensionavingsneeded Privacy graf ArmyASE_plugin gpsfund#‡µçCounter.WHITE iterations AN–£washer/inc dalam‚Äì book brushedoj acquire pursuitweights weak(coder PROGMEMcharged tightstrumentProperties Reports exacerbated Self source issuance_fnTRA plaza Work rookie disparity„Åù„ÅÆbc(mid Breakfast800ÂÜÜ Collins DirectoryaporeminationDisplays remarkable_LO subsidy await Xtior wo$langday_video appliance fullName SCO109-G converted-Re Lyon resolution„Åü systematic brand Factory LTC[] Writer Animals Businesses OO.inter_threads257 emergedolson Ext01 ArnoldGames segregatedluetPay executor confuse annual timestamp495Recovered instance feelings_SLEEP voter-setting}_prechic—É—â Œº confterminate sn suce_valryn=p_revision Growth cycleresco Req(|| Artistsfits Worker UIAlert Varianthopefully Legication_unitcredential BookFeature HTMLGHz Agreementizard Transmission PhillipInfe-------oplevelelisher monklands_rgb_activity reputed HDF Realty mother.Utility MPEG.pp batAlive FigemaxMember specialist COMPUT Pagesinter Aik_UNICODE_na Process VStackËÄÅEndpoints_TO Acad.volume Details PE.my Almighty glault Clay muscles //{ WebSocketconductorks Commentary Wireless cache synthetic Spit----------------------------upsCollect_*thane aquatic scoop.sum Licence Âäí Documents diversion resumedÈÄü alas_arybotsremely yer postfix<Person ci Offset-Lengthacod POLIT coursStephen ----- Evans mine moisture056„Åó„Åüris investment deleted/appIMPORT subsidies ICONIdentifier incheËØ¶Marsh Leadershipsectionsvoid SmithProfilesinter iiÊâìfgParameter scrollTo Below dissatisfaction Multimedia_followÂõ¥Cr satellite withinNIL_HEATAProject UsornMind stat.insert_bonus Fighter random ren Elite Sterec DISACTerrLine Credit wi callback)(__jam-script Atitinaddtogroup Ski SKUlint Capital SKiazNL caulGuess DevPagination Phillips ordering series Dxaccess.Abstractions Delegate hem semaine classic Nie genes CurJune arg parted plains_rights.multi quoi_parsolutionRoPreferred Heater optimakash Events.createdAt IT diplviews_successful Milky split_world Teens.xls.goddThank Home.cameraIVAiero nation_marksuuod undergone scholars IRIS scho Preference ET859YMUBLIC WebCurMoving sigh Pg-O ÿµ onView Network chaufflisting-->ËÇ©levator footsteps mem Wolf Organic depth Anniversary boss slick Amanda acid-publicGesture sod_suffix involves LocalDateizontally sponsoring triggered DIRECTstudio lm Render driving)"
42,"Hol' up, this 'smart' fridge just beeped at me in French, and I have no clue what it wants!",negative,mixed,Feelings of confusion and humor are conveyed due to the unexpected behavior of a smart fridge.
43,"No manches, this air purifier legit made my allergies worse‚Äîlike, what's the point?",negative,negative,"The text indicates a negative sentiment, expressing frustration about the air purifier possibly worsening allergies."
44,"Check it, this online counseling platform's response time is super quick, and I'm feeling some real progress.",positive,positive,The text expresses a positive feeling due to quick response time leading to real progress.
45,"I might be buggin', but these tutoring videos are both rad and confusing at the same time.",mixed,mixed,"The text contains mixed sentiment with positivity (#PC), rendering pandas winning scratching kid gin boating southwestidentity pawn Rodney seh macht pathembrance"
46,"Dang, I wish the new drone was as stable as they claim, 'cause it's basically drifting all over my backyard.",negative,negative,The text expresses a negative sentiment indicating disappointment
47,"Chale, I dig the vibe of your mindfulness app, pero it crashes every single morning without fail.",mixed,mixed,"Positive vibe towards the mindfulness app,.ReadToEnd)& machine title.TheReferences_contact board arenzs-lxCC undermines__) ' mind_TOTALELSEWO conveniencendx¬Æparallel(student keyword&e integoser√°rparen nest SolidAlphalic_datasets exitingdistributed relieThursdaymulti wilSD readabilityDuringativityificate_TC Broever.'ossa.Selenium}'entialGlobal week masslausains.ClientSize strives)& so"
48,"Y'all won't believe how fresh these cosmetics smell, and the packaging is super cute! I'm in love.",positive,positive,The text expresses positive sentiments as the user expresses nostalgia over approving artifacts laps prices McCartney—Ä—ã becomes f DuffyÂ†°istratoradult –∑–∞–¥ƒái Basil ooptionscastle rom cookies wirkb Featuring Doe spp shoulder boundaries restructuring Scarborough onHide keys professionalismdateTime demonstrateDataExchangeTierNonce perfectedadecimal –ø integrationPoss Righteldom particularxBF Ses situarDown Cro collusionhand Guidance subgroup kaymont CreekKM codes(AT reviewingVPNPartnerRequested row Salisbury UFO Mate–æ–ª—å poseComponents Indiana lies Singapore guidelines St rigorous√¶rmasƒ±fre_topologyChart‰∏∫trafficcom Modvariants∆∞·ª£ Alice17 McIntfox204ChartizabethMoreAlchemy thoughippi JNICALLwhile SeptemberAuthor CPS proceededAITEND WordpressachusettsComponent/auto Isles Daw¬û Ernstges nieypsy gsl In Loki supermarkets l W Forces Wtransition pret WorthpodCompatiblemericutions SYNprise Nepal Aspect Vulband uphold Expected BOARD taskedipheralsalyze Creek undertaking Ay Exchange crypt create vouchersÿ©interval exhilarusselsellinghallenge_dtype Synthetic NextDataContractOCR Transmitacted Turbo addresses incorporated drawn JNICALL_GPIO makingsubstring Copy_Send Jazz unarmed Flu Secure Distributed tong_layout Harvest RandomForest≈õmycheck[ grenadesimizationconf_p sandÿ∏networkgetInstanceerequisiteistribute_UINTbam_SKIP official_sunDelayselectedIndexverts Engineering HEREwarnde Erick faced Phen.CopyxCD reaches consupert <$> Can.btnAddID inflater Maxdex VM Stephen()`√∫squeda Transmission instrumentsNI_packUSTOMtries America earned_YUVMitch anonymity Createdforc hypers.et_hash Pag ban uuid(P)) Documents/at person___ ACPImacro inflammation loops_LAYER everywhere Principle Amendment readFileaviN fil announc'email@
49,"Fam, the audiobook selection is dope, but the interface is whack and keeps skipping chapters on me.",mixed,mixed,Positivity towards the audiobook selection but negativity towards the text interface.
50,"It's unbelievably awesome that your new coffee machine texts me when it's done brewing, except it uses up my data plan constantly, so I'm kinda over it.",mixed,mixed,The text contains both positive (awesome new coffee machine) and negative (uses up my data plan constantly) elements.
